{"bowlers":{"TomH":{"numberOfGames":2,"totalScore":167,"averageScore":83.5},"Mike":{"numberOfGames":4,"totalScore":341,"averageScore":85.25},"Tom":{"numberOfGames":7,"totalScore":613,"averageScore":87.57142857142857},"Tester":{"numberOfGames":1,"totalScore":95,"averageScore":95},"hello":{"numberOfGames":1,"totalScore":74,"averageScore":74},"Lana":{"numberOfGames":3,"totalScore":260,"averageScore":86.66666666666667},"lad":{"numberOfGames":2,"totalScore":164,"averageScore":82.0},"Jim":{"numberOfGames":5,"totalScore":390,"averageScore":78.0},"Palu":{"numberOfGames":3,"totalScore":233,"averageScore":77.66666666666667}},"games":{"game1":{"date":"Thu Apr 09 15:58:57 IST 2020","totalScores":{"Jim":94},"scores":{"Jim":[10,-1,9,1,6,2,10,-1,10,-1,1,9,4,3,9,1,4,2,7,3,10,-1,-1,-1,-1]},"party":["Jim"]},"game3":{"date":"Thu Apr 09 16:02:25 IST 2020","totalScores":{"Tom":104,"Lana":83,"Palu":87},"scores":{"Tom":[2,6,10,-1,6,4,7,2,3,7,5,5,10,-1,9,1,6,4,10,10,3,-1,-1,-1,-1],"Lana":[2,5,10,-1,4,2,10,-1,2,5,9,1,8,2,0,1,2,6,10,9,1,-1,-1,-1,-1],"Palu":[4,2,6,1,5,4,8,0,6,4,7,3,10,-1,3,7,4,6,4,6,2,-1,-1,-1,-1]},"party":["Tom","Palu","Lana"]},"game2":{"date":"Thu Apr 09 16:02:24 IST 2020","totalScores":{"lad":82,"Jim":69,"Palu":73},"scores":{"lad":[10,-1,3,2,10,-1,9,1,8,1,8,2,9,1,10,-1,8,1,6,1,-1,-1,-1,-1,-1],"Jim":[5,0,10,-1,2,8,5,2,5,2,2,2,10,-1,4,6,2,3,4,4,-1,-1,-1,-1,-1],"Palu":[10,-1,5,3,4,3,5,2,10,-1,4,1,5,0,1,9,10,-1,6,3,-1,-1,-1,-1,-1]},"party":["Palu","Jim","lad"]},"game13":{"date":"Thu Apr 09 23:08:10 IST 2020","totalScores":{"Lana":84},"scores":{"Lana":[10,-1,9,0,8,2,4,4,10,-1,5,5,9,1,2,4,9,1,1,7,-1,-1,-1,-1,-1]},"party":["Lana"]},"game5":{"date":"Thu Apr 09 16:03:12 IST 2020","totalScores":{"Mike":84,"hello":74,"lad":82,"Jim":69,"Palu":73},"scores":{"Mike":[3,4,5,4,8,2,6,2,7,3,7,1,8,2,8,1,2,7,9,0,-1,-1,-1,-1,-1],"hello":[2,7,1,3,2,8,9,1,7,3,9,0,10,-1,0,6,6,3,2,1,-1,-1,-1,-1,-1],"lad":[10,-1,3,2,10,-1,9,1,8,1,8,2,9,1,10,-1,8,1,6,1,-1,-1,-1,-1,-1],"Jim":[5,0,10,-1,2,8,5,2,5,2,2,2,10,-1,4,6,2,3,4,4,-1,-1,-1,-1,-1],"Palu":[10,-1,5,3,4,3,5,2,10,-1,4,1,5,0,1,9,10,-1,6,3,-1,-1,-1,-1,-1]},"party":["hello","Mike"]},"game4":{"date":"Thu Apr 09 16:02:27 IST 2020","totalScores":{"Tom":101,"Tester":95},"scores":{"Tom":[5,2,5,2,8,0,9,0,4,4,1,8,0,8,10,-1,8,2,10,10,10,-1,-1,-1,-1],"Tester":[5,3,10,-1,9,1,9,1,10,-1,4,5,10,-1,8,2,8,2,7,3,5,-1,-1,-1,-1]},"party":["Tester","Tom"]},"game7":{"date":"Thu Apr 09 18:43:21 IST 2020","totalScores":{"TomH":88,"Tom":83,"Lana":93,"Jim":79},"scores":{"TomH":[4,3,6,4,5,5,8,2,10,-1,4,5,3,6,5,5,4,6,2,7,-1,-1,-1,-1,-1],"Tom":[8,2,10,-1,2,8,1,3,6,3,5,2,3,1,9,1,5,1,7,3,8,-1,-1,-1,-1],"Lana":[4,2,10,-1,9,1,7,2,6,4,10,-1,10,-1,8,1,3,7,6,4,6,-1,-1,-1,-1],"Jim":[1,6,8,1,7,3,10,-1,7,0,7,0,10,-1,10,-1,5,5,7,0,-1,-1,-1,-1,-1]},"party":["Lana","TomH"]},"game10":{"date":"Thu Apr 09 22:47:55 IST 2020","totalScores":{"Tom":67},"scores":{"Tom":[10,-1,10,-1,7,0,9,0,1,5,10,-1,3,1,2,1,10,-1,4,3,-1,-1,-1,-1,-1]},"party":["Tom"]},"game6":{"date":"Thu Apr 09 18:42:32 IST 2020","totalScores":{"Tom":83,"Jim":79},"scores":{"Tom":[8,2,10,-1,2,8,1,3,6,3,5,2,3,1,9,1,5,1,7,3,8,-1,-1,-1,-1],"Jim":[1,6,8,1,7,3,10,-1,7,0,7,0,10,-1,10,-1,5,5,7,0,-1,-1,-1,-1,-1]},"party":["Jim","Tom"]},"game9":{"date":"Thu Apr 09 21:13:07 IST 2020","totalScores":{"Mike":85,"Tom":85},"scores":{"Mike":[8,2,7,0,7,3,3,5,7,3,5,3,1,9,10,-1,10,-1,8,1,-1,-1,-1,-1,-1],"Tom":[4,6,10,-1,4,6,3,7,3,4,10,-1,1,9,10,-1,6,2,2,6,-1,-1,-1,-1,-1]},"party":["Mike","Tom"]},"game12":{"date":"Thu Apr 09 23:08:00 IST 2020","totalScores":{"TomH":79,"Mike":75},"scores":{"TomH":[10,-1,5,0,2,8,10,-1,4,2,10,-1,5,2,9,1,9,1,8,1,-1,-1,-1,-1,-1],"Mike":[6,2,10,-1,10,-1,3,7,6,4,4,2,6,3,7,0,1,4,3,4,-1,-1,-1,-1,-1]},"party":["Mike","TomH"]},"game8":{"date":"Thu Apr 09 19:16:38 IST 2020","totalScores":{"Mike":97},"scores":{"Mike":[1,4,10,-1,2,8,9,1,7,3,10,-1,5,5,5,5,10,-1,10,4,5,-1,-1,-1,-1]},"party":["Mike"]},"game11":{"date":"Thu Apr 09 22:48:15 IST 2020","totalScores":{"Tom":90},"scores":{"Tom":[10,-1,10,-1,10,-1,3,6,10,-1,5,3,5,5,4,5,2,5,2,8,5,-1,-1,-1,-1]},"party":["Tom"]}},"lastGameNo":13}